system,ndcg10,r1,r10,mrr,mrr_within_hearing,other_hearing_share_top10
query_likelihood,0.9588,0.9213,0.9882,0.9497,0.9502,0.034
qrhead16_both+query_likelihood,0.9579,0.9213,0.9921,0.9471,0.9473,0.022
qrhead16_query+query_likelihood,0.9566,0.9173,0.9921,0.9454,0.9458,0.024
indexer_L31_both+query_likelihood,0.9447,0.8937,0.9843,0.9323,0.9325,0.024
dense_layer_L35_query,0.8905,0.8307,0.9528,0.8734,0.8745,0.026
qrhead16_both,0.8798,0.7913,0.9567,0.8563,0.8613,0.028
indexer_L35_query_tau1,0.8707,0.7913,0.9449,0.8495,0.8511,0.022
indexer_L31_query_tau0.354,0.8681,0.7835,0.9449,0.8451,0.8569,0.054
indexer_L31_query_tau0.177,0.8663,0.7677,0.9567,0.8388,0.8505,0.062
qrhead16_query,0.8654,0.7677,0.9528,0.8392,0.8442,0.026
indexer_L31_query_tau0.088,0.8626,0.7717,0.9488,0.8378,0.8486,0.062
L31_all24_query,0.8418,0.7323,0.937,0.8138,0.8213,0.03
dense_layer_L31_query,0.8418,0.7323,0.937,0.8138,0.8213,0.03
indexer_L31_query_tau0.707,0.8313,0.7126,0.9409,0.7982,0.8067,0.037
qrhead16_query_raw,0.8222,0.7008,0.9567,0.782,0.7917,0.044
indexer_L31_both,0.8168,0.7008,0.9291,0.784,0.7918,0.03
indexer_L31_query,0.8055,0.689,0.9252,0.7713,0.7781,0.028
indexer_L31_query_tau1,0.8055,0.689,0.9252,0.7713,0.7781,0.028
indexer_L31_query_tau1.000,0.8055,0.689,0.9252,0.7713,0.7781,0.028
indexer_L31_query_tau1.414,0.7882,0.6535,0.9213,0.7497,0.7544,0.021
indexer_L31_query_raw,0.7715,0.6614,0.8976,0.7382,0.7445,0.055
indexer_head3_L31_query,0.7608,0.6457,0.8898,0.7259,0.7275,0.025
indexer_L31_query_tau2.828,0.7484,0.6024,0.9055,0.7035,0.7056,0.016
dense_layer_L27_query,0.7261,0.5787,0.8898,0.6793,0.6828,0.034
indexer_L31_query_tau5.657,0.7178,0.5551,0.8937,0.6681,0.6694,0.015
qrhead16_decision,0.71,0.5551,0.8465,0.6718,0.676,0.04
dense_layer_L23_query,0.7019,0.5433,0.874,0.6542,0.6584,0.036
indexer_head1_L31_query,0.6569,0.4646,0.8622,0.5985,0.6001,0.024
indexer_L27_query_tau1,0.6565,0.4921,0.8268,0.6109,0.6147,0.03
indexer_L23_query_tau1,0.6526,0.4724,0.8504,0.5983,0.6042,0.035
dense_layer_L19_query,0.646,0.4646,0.8386,0.5919,0.603,0.034
indexer_L31_decision,0.6228,0.4449,0.8189,0.5689,0.5798,0.056
indexer_L19_query_tau1,0.5558,0.3543,0.7874,0.4931,0.5037,0.032
indexer_head0_L31_query,0.507,0.315,0.7441,0.4471,0.4532,0.05
indexer_head2_L31_query,0.4877,0.2677,0.7598,0.4166,0.4198,0.017
dense_layer_L15_query,0.4544,0.2795,0.685,0.3991,0.4129,0.048
indexer_L15_query_tau1,0.4106,0.2402,0.6339,0.3601,0.3703,0.048
dense_layer_L11_query,0.3518,0.2047,0.5512,0.3124,0.3229,0.052
indexer_L11_query_tau1,0.3012,0.1496,0.5157,0.2593,0.2665,0.049
dense_layer_L7_query,0.2365,0.0906,0.4173,0.2053,0.2102,0.031
indexer_L7_query_tau1,0.1839,0.063,0.3425,0.1629,0.1671,0.029
dense_layer_L3_query,0.1592,0.0512,0.3228,0.1374,0.1423,0.044
indexer_L3_query_tau1,0.1511,0.0551,0.2835,0.1406,0.146,0.048
random (expected),0.0909,0.02,0.2,,,
minilm,0.0884,0.0118,0.2047,0.0878,0.0961,0.059
