layer,score_maxdiff,split_ok,mask_diff_rows,ties_only,max_gap_to_kth,active_rows,frac_tie_at_kth,frac_kth_zero,mean_frac_blocks_positive
3,1.9073486328125e-6,true,0,true,0.0,949,0.0,0.0,0.9999966025352478
7,1.9073486328125e-6,true,0,true,0.0,949,0.0,0.0,0.9999999403953552
11,1.9073486328125e-6,true,0,true,0.0,949,0.0,0.0,0.999966025352478
15,2.86102294921875e-6,true,0,true,0.0,949,0.0,0.0,0.9999999403953552
19,1.9073486328125e-6,true,0,true,0.0,949,0.0,0.0,0.9999999403953552
23,1.9073486328125e-6,true,0,true,0.0,949,0.0,0.0,0.9999999403953552
27,2.86102294921875e-6,true,0,true,0.0,949,0.0,0.0,0.9999999403953552
31,2.86102294921875e-6,true,0,true,0.0,949,0.0,0.0,0.9999999403953552
35,2.86102294921875e-6,true,0,true,0.0,949,0.0,0.0,0.9999999403953552
39,1.9073486328125e-6,true,0,true,0.0,949,0.0,0.0,0.9999999403953552
43,2.86102294921875e-6,true,0,true,0.0,949,0.0,0.0,0.9999999403953552
47,1.9073486328125e-6,true,0,true,0.0,949,0.0,0.0,0.9999999403953552
