layer,sparse_vs_module,dense_vs_module,module_absmax
3,0.00390625,0.0250244140625,0.59375
7,0.0078125,0.013671875,0.73046875
11,0.00634765625,0.0078125,0.625
15,0.0048828125,0.00537109375,0.55078125
19,0.005859375,0.0078125,0.671875
23,0.008544921875,0.0087890625,0.50390625
27,0.00830078125,0.00830078125,0.62890625
31,0.0048828125,0.0047607421875,0.384765625
35,0.0048828125,0.00537109375,0.4765625
39,0.01171875,0.010009765625,1.203125
43,0.0087890625,0.0068359375,0.427734375
47,0.00830078125,0.00830078125,1.7734375
